{"cameraMode":{"drawMode":0,"name":"Shaded","section":"Shading Mode"},"sceneLighting":true,"audioPlay":false,"sceneViewState":{"showFog":true,"showMaterialUpdate":false,"showSkybox":true,"showFlares":true,"showImageEffects":true,"showParticleSystems":true,"showVisualEffectGraphs":true,"m_FxEnabled":true},"in2DMode":false,"pivot":{"x":53.958953857421878,"y":-32.306575775146487,"z":19.451133728027345},"rotation":{"x":-0.33716681599617007,"y":-0.37943097949028017,"z":0.15082111954689027,"w":-0.8483304381370544},"size":32.498592376708987,"orthographic":false}